[
    {
        "name": "Karnaphuli River",
        "category": "Rivers",
        "city": "Chittagong",
        "state": "",
        "id": 1001,
        "isFeatured": true,
        "isFavorite": true,
        "park": "  Bangladesh Rangamati Karnaphuli  Khawthlangtuipui in Mizo, meaning western river is the largest and most important river in Chittagong and the Chittagong Hill Tracts It is a 667-metre 2,188 ft wide river in the south-eastern part of Bangladesh.Originating from the Saitah village of Mamit district in Mizoram, India, it flows 270 kilometres 170 mi southwest through Chittagong Hill Tracts and Chittagong into the Bay of Bengal.A large hydroelectric power plant using Karnaphuli river was built in the Kaptai region during the 1960s. The mouth of the river hosts Chittagong's sea port, the largest and busiest sea port of Bangladesh.",
        "coordinates": {
            "longitude": 92.1733,
            "latitude": 22.6573
        },
        "imageName": "rangamati"
    },
    {
        "name": "Jamuna River",
        "category": "Rivers",
        "city": "Sirajganj",
        "state": "",
        "id": 1002,
        "isFeatured": false,
        "isFavorite": false,
        "park": "The Jamuna River (Bengali: যমুনা Jomuna) is one of the three main rivers of Bangladesh. It is the lower stream of the Brahmaputra River, which originates in Tibet as Yarlung Tsangpo, before flowing into India and then southwest into Bangladesh. The Jamuna flows south and joins the Padma River (Pôdda), near Goalundo Ghat, before meeting the Meghna River near Chandpur. It then flows into the Bay of Bengal as the Meghna River.",
        "coordinates": {
            "longitude": 89.77833,
            "latitude": 24.39861
        },
        "imageName": "jomuna"
    },
    {
        "name": "Sajek Valley",
        "category": "Mountains",
        "city": "Rangamati",
        "state": "",
        "id": 1003,
        "isFeatured": false,
        "isFavorite": true,
        "park": "Sajek Valley - সাজেক ভ্যালি / মেঘের উপত্যকায় জীবন is an emerging tourist spot in Bangladesh situated among the hills of Kasalong range of mountains in Sajek union, Baghaichhari Upazila in Rangamati District. The valley is 1,476 feet (450 m) above sea level. Sajek valley is known as the Queen of Hills & Roof of Rangamati.",
        "coordinates": {
            "longitude": 91.9944,
            "latitude": 23.0417
        },
        "imageName": "sk"
    },
    {
        "name": "Kaptai Lake",
        "category": "Lakes",
        "city": "Chittagong",
        "state": "",
        "id": 1004,
        "isFeatured": true,
        "isFavorite": true,
        "park": "Kaptai Lake is the largest lake in Bangladesh.It is located in the Kaptai Upazila under Rangamati District of Chittagong Division. The lake was created as a result of building the Kaptai Dam on the Karnaphuli River, as part of the Karnaphuli Hydro-electric project. The Kaptai Lake's average depth is 100 feet (30 m) and maximum depth is 490 feet (150 m).",
        "coordinates": {
            "longitude": 92.1733,
            "latitude": 22.6573
        },
        "imageName": "img2"
    },
    {
        "name": "Dhanmondi Lake ",
        "category": "Lakes",
        "city": "Dhaka",
        "state": "",
        "id": 1005,
        "isFeatured": false,
        "isFavorite": false,
        "park": "Dhanmondi Lake is a lake located in the Dhanmondi residential area in Dhaka, Bangladesh.The lake was originally a dead channel of the Karwan Bazar River, and was connected to the Turag River.The lake is partially connected with the Begunbari Canal. In 1956, Dhanmondi was developed as a residential area. In the development plan, about 16% of the total area of Dhanmondi was designated for the lake.The lake has become a well visited tourist spot, with cultural hubs such as the Rabindra-Sarobar located along its side",
        "coordinates": {
            "longitude": 90.3776,
            "latitude": 23.7455
        },
        "imageName": "im3"
    },
    {
        "name": "Kapital",
        "category": "Mountains",
        "city": "Bandarban",
        "state": "",
        "id": 1006,
        "isFeatured": false,
        "isFavorite": false,
        "park": "Kapital/Capital is a distinctive, beautiful and very eye-catching peak on the Politai range near Thaikeng para. This flat mountain top once used as a hide out place by separatist group from Mizoram. They declared this mountain top as their temporary capital of free and independent Mizoram. Later they moved from this place. Still the locals called this mountain top as kapital.",
        "coordinates": {
            "longitude": 92.4167 ,
            "latitude":   22.0500
        },
        "imageName": "k"
    },
    {
        "name": "Padma River",
        "category": "Rivers",
        "city": "Rajshahi",
        "state": "",
        "id": 1007,
        "isFeatured": true,
        "isFavorite": false,
        "park": "The Padma or Podda (Bengali: পদ্মা Pôdda) is a major river in Bangladesh and India (downstream of Giria). It is the main distributary of the Ganges, flowing generally southeast for 120 kilometres (75 mi) to its confluence with the Meghna River near the Bay of Bengal.[1] The city of Rajshahi is situated on the banks of the river.[2] However, over 660 square kilometres (256 sq mi) of land, has been lost due to erosion of Padma since 1966",
        "coordinates": {
            "longitude":  88.601111,
            "latitude": 24.373889
        },
        "imageName": "padma",
    },
    {
        "name": "Nilgiri",
        "category": "Mountains",
        "city": "Bandarban",
        "state": "",
        "id": 1008,
        "isFeatured": false,
        "isFavorite": false,
        "park": "Nilgiri is a collection of multiple variable sizes hill area in Bandarban. Bandarban itself is a hill district in Banglades. The mountains with Covering trees look very beautiful from Nilgiri.The journey with locally called Chader gari (Moon Car) is very much enjoyble and full of thrills. The Nilgiri tourist area is very clean and is under supervision of Bangladesh Army.Clean wash rooms and cafeteria also availabl. The road distance from Dhaka is 326 km and from Chittagong is 85 km",
        "coordinates": {
            "longitude": 92.3686,
            "latitude": 21.8311
        },
        "imageName": "nilgiri-bandarban"
    },
    {
        "name": "Ramsagar Lake",
        "category": "Lakes",
        "city": "Dinajpur",
        "state": "",
        "id": 1009,
        "isFeatured": false,
        "isFavorite": false,
        "park": "Ramsagar (Bengali: রামসাগর), located in the village Tajpur in Dinajpur District, is the largest man made lake in Bangladesh. It is situated about 8 kilometers south of the Dinajpur town.The lake is about 1,079 meters long from north to south, and 192.6 meters wide from east to west. It was created in the mid-1750s, funded by Raja Ram Nath, after whom the lake is named. The excavation cost 30,000 taka at that time, and about 1.5 million labourers took part in the project.",
        "coordinates": {
            "longitude": 88.6332,
            "latitude": 25.633333
        },
        "imageName": "RBD"
    },
    {
        "name": "Boga lake",
        "category": "Lakes",
        "city": "Bandarban",
        "state": "",
        "id": 1010,
        "isFeatured": false,
        "isFavorite": false,
        "park": "Bogakain Lake, also called Baga Lake or Boga Lake, is a lake located in Ruma Upazila in the hill district Bandarban, Bangladesh. It is a natural sweet and deep water lake. Its height from sea level is nearly 1,246 feet (380 m). Geologists believe that it was created by collection of rain water in summer. The lake is irregular in shape. A team of geologists surveyed this lake in 1973. They found the lake's water to be too acidic for any form of life. By the year 1995, the lake's water became abundant with plants and fish. The local residents culture and gather Tilapia fish in this lake.",
        "coordinates": {
            "longitude":  92.46944,
            "latitude":  21.98056
        },
        "imageName": "boga"
    },
    {
        "name": "Meghna River",
        "category": "Rivers",
        "city": "Chandpur",
        "state": "",
        "id": 1011,
        "isFeatured": false,
        "isFavorite": false,
        "park": "The Meghna River (Bengali: মেঘনা নদী) is one of the most important rivers in Bangladesh, one of the three that forms the Ganges Delta, the largest delta on earth, which fans out to the Bay of Bengal. A part of the Surma-Meghna River System, Meghna is formed inside Bangladesh in Kishoreganj District above the town of Bhairab Bazar by the joining of the Surma and the Kushiyara, both of which originate in the hilly regions of eastern India as the Barak River.",
        "coordinates": {
            "longitude": 90.663078,
            "latitude": 23.232100
        },
        "imageName": "meghna"
    },
    {
        "name": "Jaflong lake",
        "category": "Lakes",
        "city": "sylhet",
        "state": "",
        "id": 1012,
        "isFeatured": true,
        "isFavorite": false,
        "park": "Jaflong (Bengali: জাফলং) is a hill station and tourist destination in the Division of Sylhet, Bangladesh. It is located in Gowainghat Upazila of Sylhet District and situated at the border between Bangladesh and the Indian state of Meghalaya, overshadowed by subtropical mountains and rainforests. jaflong is known for its stone collections and is home of the Khasi tribe",
        "coordinates": {
            "longitude": 92.017279,
            "latitude": 25.180865
        },
        "imageName": "jf"
    }
]
